count,mean_delta_db,mae_db,rmse_db,p95_abs_db,max_abs_db,mean_match_dist_xyz,max_match_dist_xyz
197,0.7776040609137077,1.0523248730964483,1.5145607193469786,3.5551999999999957,5.550000000000011,0.018681219029222176,0.04242640687119289
